{"transforms": [0.0028254606295377016, 1.4738277196884155, 0.020185599103569984, -0.36680150032043457, 1.4415223598480225, -0.1903730183839798], "poses": [-0.020740877836942673, -1.6992454528808594, -0.0384141281247139, 0.09449499100446701, 0.20581687986850739, 0.006552007514983416, -0.1121896430850029, -0.11513504385948181, 0.006828205659985542, -0.046234287321567535, -0.008905984461307526, -0.012986146844923496, 0.22475798428058624, -0.5275611281394958, -0.09244535863399506, 0.12664350867271423, 0.3696858584880829, 0.06069634109735489, 0.09087537974119186, 0.023818446323275566, 0.00901918113231659, -0.060715653002262115, 0.33903807401657104, 0.024101069197058678, 0.014647371135652065, -0.4382592439651489, 0.04700566083192825, 0.06777183711528778, -0.10851142555475235, 0.05556152015924454, -0.4909878969192505, 0.16674461960792542, 0.3069366216659546, -0.34849992394447327, 0.21317936480045319, -0.7297031879425049, -0.18747861683368683, -0.14833533763885498, -0.05739634856581688, -0.24790331721305847, -0.36456793546676636, 0.04690266400575638, -0.1062285453081131, 0.07188844680786133, 0.29358381032943726, 0.36610087752342224, 0.12620964646339417, 0.05126136541366577, -0.2627088725566864, -0.2952560782432556, -0.148590087890625, 0.31691431999206543, 0.1351376473903656, 0.8588230609893799, -0.5276561975479126, -1.6030545234680176, 0.7625178098678589, 0.11162740737199783, 0.6948210000991821, 0.03461701050400734, 0.015376780182123184, -0.04014396294951439, -0.120871402323246, 0.19780324399471283, -0.0073878029361367226, 0.12415286153554916, -0.3525110185146332, 0.015193520113825798, -0.20976492762565613, -0.34309127926826477, -0.14824853837490082, 0.22874104976654053, 0.013751309365034103, 0.9207366108894348, 0.02393181622028351, -0.07635710388422012, 0.05205284431576729, -0.01885407604277134, -0.07411698251962662, -0.1507388800382614, -0.028503695502877235, 0.08775036782026291, 0.028371257707476616, -0.0432562455534935, 0.10800917446613312, -0.1818239390850067, -0.03919631987810135, 0.28042641282081604, -0.1296442300081253, -0.004509868565946817, -0.13411182165145874, 0.024131763726472855, 0.001713207340799272, 0.16523882746696472, 0.46057969331741333, -0.1187545582652092, -0.04857581853866577, -0.5699309706687927, 0.3446725904941559, 0.03769230097532272, 0.021502899006009102, 0.013094042427837849, -0.26337170600891113, 0.08517047017812729, 0.1439369171857834, -0.36428144574165344, 0.36677950620651245, -1.0388197898864746, -0.2620495855808258, -0.23545631766319275, -0.05714883282780647, -0.18534119427204132, -0.29273611307144165, -0.15834368765354156, -0.3060610890388489, 0.45397859811782837, -0.09864110499620438, 0.14463238418102264, 0.07956641167402267, 0.06323259323835373, -0.05358392745256424, -0.2755917012691498, -0.6261851787567139, -0.2748376727104187, 0.4858162999153137, 0.12454324215650558, 0.018342293798923492, -1.445237636566162, 0.478598952293396, -0.3347127437591553, 0.9131718873977661, -0.3859167695045471, -0.1505301147699356, -0.10278460383415222, 0.41976338624954224, 0.5128332376480103, 0.1074470803141594, -0.7674983739852905, 0.27468881011009216, 0.23932701349258423, 0.05818836763501167, 0.34237098693847656, 0.27553412318229675, -0.23655839264392853]}