{"transforms": [0.22269852459430695, 1.4357497692108154, -0.23824730515480042, -0.3318400979042053, 1.45990788936615, -0.4532144069671631], "poses": [0.0181148461997509, -1.5550909042358398, -0.0552959218621254, 0.137504443526268, 0.2538549602031708, 0.06698888540267944, -0.10808904469013214, -0.1667993664741516, 0.01003966759890318, 0.05622180551290512, -0.08392073214054108, -0.010774513706564903, 0.1111772209405899, 0.007612010929733515, -0.055904123932123184, 0.33192476630210876, 0.19042176008224487, -0.02099030278623104, -0.0007599275559186935, -0.1263699233531952, 0.021649863570928574, -0.24162812530994415, 0.2612234652042389, 0.27626684308052063, -0.21832945942878723, -0.24643073976039886, -0.1307031512260437, -0.008244495838880539, -0.08685789257287979, 0.03719130903482437, 0.19746360182762146, -0.03958723321557045, -0.26913145184516907, 0.16359977424144745, 0.07005462050437927, 0.4671112895011902, -0.21665623784065247, -0.15299628674983978, 0.016674982383847237, 0.1786755621433258, -0.2263319343328476, -0.36801204085350037, -0.22591085731983185, 0.15376155078411102, 0.33811086416244507, 0.3327595591545105, 0.00044450812856666744, 0.04042309150099754, 0.1692725569009781, -0.1486441195011139, -1.195489764213562, 0.21687926352024078, 0.37026315927505493, 1.1331104040145874, 0.3668833076953888, -0.19683121144771576, 0.17693407833576202, 0.12357638031244278, 1.8496557474136353, -0.6286675930023193, 0.5868022441864014, 0.2194145768880844, -0.15412268042564392, -0.38953453302383423, 0.3584291934967041, -0.08095883578062057, -0.1348097026348114, 0.11211461573839188, -0.18094788491725922, -0.23751087486743927, 0.16369545459747314, 0.26901185512542725, -0.010646826587617397, 1.588314414024353, -0.03495584428310394, 0.37619978189468384, 0.0886753723025322, 0.11634324491024017, -0.6194371581077576, -0.08343257755041122, -0.07384030520915985, 0.1770172417163849, -0.09298476576805115, 0.07919909060001373, 0.10945596545934677, -0.1196361631155014, -0.02262868732213974, 0.6217713356018066, 2.4790729185042437e-06, 0.059469178318977356, 0.052066270262002945, -0.15264892578125, 0.02568565309047699, -0.17631582915782928, 0.45840996503829956, -0.06313316524028778, -0.04459154233336449, -0.4115544855594635, 0.17632350325584412, 0.015665197744965553, -0.09447799623012543, 0.014058233238756657, -0.5644634366035461, 0.15144391357898712, 0.5758477449417114, -0.07808659970760345, 0.3070951998233795, -0.4743002653121948, -0.2828974723815918, -0.10153443366289139, 0.04179389774799347, -0.13603153824806213, -0.49848031997680664, -0.020989006385207176, -0.22064223885536194, 0.3954031467437744, 0.04706398770213127, 0.19112901389598846, 0.06697779893875122, -0.08532467484474182, 0.10022531449794769, -0.5815431475639343, -0.5846850275993347, 0.22209806740283966, 0.5897560715675354, 0.4970880150794983, 0.03926699236035347, -1.1929785013198853, 0.3702106773853302, 0.0459168404340744, 1.1778430938720703, -0.3718566298484802, 0.8464620113372803, -0.14555791020393372, 0.9317394495010376, 0.6297486424446106, 0.2500089108943939, -0.950853168964386, -0.17624205350875854, 0.09595312178134918, 0.16375507414340973, 0.1557696908712387, -0.1614367812871933, -0.0841435045003891]}