{"transforms": [0.004099414683878422, 1.786787748336792, 0.3234294652938843, 0.0198169257491827, 1.5283535718917847, 0.19903898239135742], "poses": [0.041326019912958145, 2.824775218963623, -0.68479323387146, -1.2154364585876465, 0.12091919034719467, 0.6757363080978394, -1.0270508527755737, -0.08608189225196838, -0.37249869108200073, 0.5754525065422058, -0.04259273782372475, -0.047949839383363724, 0.36103567481040955, -0.036331262439489365, -0.14591920375823975, 0.07397625595331192, -0.19934643805027008, 0.036959338933229446, -0.2512306272983551, -0.17623452842235565, -0.010165457613766193, 0.38972699642181396, 0.5825284719467163, -0.1178412139415741, 0.6381914019584656, -0.5604158043861389, 0.42183294892311096, 0.03169041499495506, -0.06595269590616226, -0.05388319119811058, -0.6282695531845093, -0.2184435874223709, -0.02334691397845745, -0.0061708600260317326, 0.08371230959892273, -1.0634735822677612, -0.2945172190666199, 0.23208677768707275, -0.21833695471286774, -0.23053523898124695, -0.341371089220047, 0.538960337638855, -0.652603268623352, 0.6019018292427063, -0.6573814749717712, -0.23168590664863586, 0.03054020181298256, 0.10760088264942169, 0.010019304230809212, -1.1608372926712036, -0.7983648180961609, -0.3877219259738922, -0.022875916212797165, -0.1857713758945465, 0.16996712982654572, -1.179880976676941, -0.27057522535324097, -0.11004434525966644, -0.07112807035446167, -0.009812936186790466, -0.998920738697052, -0.16319707036018372, -0.41160160303115845, -0.6280336976051331, -0.18885855376720428, -0.23394565284252167, 0.48285678029060364, 0.38803908228874207, -0.05197390168905258, 0.30920153856277466, 0.03461888059973717, -0.3937515914440155, 0.13707593083381653, 2.7117908000946045, -0.2973564863204956, -0.4878367781639099, 0.08482330292463303, 0.006154266651719809, -0.5446350574493408, -0.09770970791578293, -0.12221039831638336, 0.394234299659729, 0.08392267674207687, 0.00023037567734718323, 0.20554424822330475, -0.20246712863445282, -0.0784975066781044, 0.28000950813293457, 0.15417374670505524, 0.08374598622322083, 0.2356247901916504, -0.000130089683807455, -0.04468613862991333, 0.11368157714605331, 0.24818016588687897, -0.1794317066669464, -0.04987890645861626, -0.3654481768608093, 0.31742018461227417, 0.028922390192747116, -0.022313805297017097, 0.007824662141501904, -0.2502810060977936, 0.24262063205242157, 0.6175848841667175, 0.030481504276394844, 0.11334977298974991, -0.9161149263381958, -0.37014615535736084, -0.0665588304400444, -0.04821755737066269, 0.011193174868822098, -0.040194492787122726, -0.5248580574989319, -0.043767064809799194, 0.11846448481082916, 0.5742035508155823, -0.1546320766210556, -0.04529062658548355, -0.031242595985531807, 0.3479078412055969, -0.16654036939144135, -0.7635790109634399, 0.3399307131767273, 0.14953984320163727, 0.6732538938522339, 0.12924452126026154, -0.34520527720451355, -0.06888558715581894, -0.08605311065912247, 0.3689689636230469, 0.12177091836929321, -0.10281635075807571, 0.04099949076771736, 0.11188138276338577, -0.14941181242465973, -0.025637347251176834, -0.3222821056842804, 0.03082418441772461, 0.06715332716703415, 0.014607134275138378, 0.05037376284599304, -0.08123358339071274, -0.006720967125147581]}