{"transforms": [-0.2806313633918762, 1.447158694267273, -0.2534121572971344, 0.158280611038208, 1.3844528198242188, -0.12095872312784195], "poses": [0.04893975332379341, 0.024118157103657722, -0.1034683808684349, -0.20118190348148346, 0.01669098064303398, 0.16453959047794342, -0.21407736837863922, -0.16515900194644928, -0.06862446665763855, 0.13481584191322327, 0.14678141474723816, -0.09475605934858322, 0.15824167430400848, -0.11316344141960144, -0.1101064458489418, 0.25092676281929016, -0.0655769407749176, -0.015235836617648602, -0.05322607606649399, 0.12999385595321655, 0.030531905591487885, 0.043098334223032, 0.06515900790691376, 0.1805708259344101, 0.15571188926696777, -0.19496937096118927, 0.2093600481748581, -0.005441803950816393, 0.11871562153100967, 0.07272392511367798, -0.2055889368057251, 0.1542961299419403, -0.03657543659210205, -0.2366040050983429, -0.16172069311141968, -0.5783650875091553, 0.020903106778860092, -0.13976618647575378, 0.18188044428825378, -0.1934272199869156, -0.00688424427062273, -0.20428310334682465, -0.10491057485342026, 0.555641233921051, 0.3520355820655823, 0.1392391175031662, 0.1324218511581421, 0.1508350819349289, 0.17593830823898315, -0.11675014346837997, -0.41881927847862244, 0.06704013794660568, 0.9548838138580322, 0.6319255232810974, -0.11434517055749893, -0.9340201616287231, -0.19525574147701263, -0.06931700557470322, 0.562131941318512, -0.014322194270789623, -0.4535938799381256, -0.13186860084533691, -0.023971756920218468, -0.25012195110321045, -0.007114792242646217, 0.08455447852611542, -0.0871158167719841, -0.1266602873802185, -0.1006992980837822, -0.04580361396074295, 0.17389854788780212, 0.0969696193933487, 0.0937051773071289, -1.1095465421676636, 0.18899546563625336, -0.22948920726776123, 0.25529909133911133, 0.13455574214458466, -0.4677322506904602, -0.06626450270414352, -0.11782203614711761, 0.34671005606651306, -0.11601723730564117, 0.0069471681490540504, 0.12250396609306335, 0.04480598494410515, 0.01670674793422222, 0.25079119205474854, 0.3971119523048401, 0.027985313907265663, -0.1305454969406128, -0.12082571536302567, 0.08745059370994568, 0.45740756392478943, 0.3122110366821289, -0.25229740142822266, 0.14150214195251465, -0.22755518555641174, 0.3483172059059143, -0.29067084193229675, -0.0561055988073349, -0.007851499132812023, -0.3830347955226898, 0.10830733180046082, 0.11342905461788177, -0.18277445435523987, -0.013836757279932499, -0.5427460074424744, 0.0896247923374176, 0.49593859910964966, -0.43840911984443665, -0.05516178533434868, -0.7695006728172302, -0.47843196988105774, 0.012286399491131306, 0.27030470967292786, 0.3247995376586914, -0.5006470680236816, 0.34510332345962524, 0.10848032683134079, -0.12328170984983444, -0.8150370121002197, -0.49377360939979553, -0.09978488087654114, 0.2723073363304138, 0.3016888201236725, 0.14509081840515137, -0.21969683468341827, 0.12619417905807495, -0.37855082750320435, 0.85635906457901, -0.3041985332965851, -0.3172001242637634, 0.02649184875190258, 0.19107379019260406, -0.3397093415260315, -0.05852165445685387, -0.2071497142314911, 0.061562757939100266, -0.16823500394821167, -0.3617539703845978, -0.1611930876970291, 0.21790960431098938, 0.3617476224899292]}