{"transforms": [0.26277998089790344, 1.529469609260559, -0.39689815044403076, -0.1786791980266571, 1.4286725521087646, -0.5624443888664246], "poses": [-0.09961041063070297, -0.8701246976852417, -0.013248293660581112, 0.0418168306350708, 0.133091002702713, -0.07542329281568527, -0.08242101222276688, -0.0733914002776146, -0.08230399340391159, 0.06270885467529297, -0.00373229943215847, 0.0017837582854554057, 0.060549575835466385, -0.3469782769680023, -0.028441637754440308, 0.28560084104537964, 0.2311556488275528, -0.015389605425298214, 0.15382854640483856, -0.10697795450687408, -0.05649810656905174, 0.0873437449336052, 0.18028011918067932, 0.021590400487184525, 0.01989194191992283, -0.14719773828983307, 0.14520862698554993, 0.057966090738773346, -0.09913428127765656, -0.0056514195166528225, -0.12619176506996155, 0.17917264997959137, 0.2410375475883484, -0.2574840784072876, -0.016044847667217255, -0.1990358829498291, -0.18355019390583038, -0.1109560951590538, 0.020669927820563316, -0.04845533147454262, -0.17223551869392395, -0.34835368394851685, -0.12669844925403595, 0.09174557030200958, 0.17701303958892822, 0.2897171974182129, -0.15772560238838196, -0.024501636624336243, 0.2928124666213989, -0.2723780572414398, -0.7333359718322754, 0.3197518289089203, 0.21551139652729034, 0.37511542439460754, 0.30960822105407715, -0.6237982511520386, 0.1726670116186142, -0.04592028632760048, 0.6532986164093018, 0.03813214972615242, -0.018877916038036346, 0.01578892022371292, -0.031010912731289864, -0.1015782356262207, 0.07990027964115143, 0.12453733384609222, -0.825677216053009, -0.3322913944721222, -0.5410590171813965, -0.6793051958084106, 0.28082597255706787, 0.6656540036201477, 0.037202391773462296, 0.7464991807937622, -0.014175653457641602, -0.18023920059204102, 0.22082893550395966, -0.0570063441991806, -0.3595413267612457, -0.4225798547267914, 0.09191865473985672, 0.22183498740196228, -0.02655012719333172, 0.021995870396494865, 0.48579642176628113, 0.11172622442245483, -0.021262671798467636, 0.27212968468666077, -0.24188078939914703, -0.01001665461808443, -0.1251629889011383, -0.011423643678426743, -0.01373814046382904, 0.007214148063212633, 0.17138230800628662, 0.08529583364725113, 0.04687580466270447, -0.4413244128227234, -0.1503271460533142, 0.09379404783248901, -0.01843910664319992, -0.006472958717495203, -0.4821873605251312, 0.19639526307582855, -0.08712933212518692, -0.3546796441078186, -0.08548525720834732, -0.06343293935060501, 0.01071376632899046, 0.03592323139309883, 0.03408340364694595, -0.19426779448986053, -0.2151961326599121, -0.17876514792442322, -0.1941867470741272, 0.3282444477081299, 0.2302701324224472, -0.28843066096305847, 0.24477389454841614, 0.14351269602775574, -0.1721639335155487, -0.22949209809303284, -0.4962165057659149, 0.4922080934047699, 0.5431492328643799, 0.9531466960906982, -0.24488383531570435, -1.0743838548660278, 0.24289222061634064, 0.4353299140930176, 1.5531867742538452, -0.2089226245880127, -0.6335679888725281, -0.15354719758033752, -0.3233438730239868, 0.3104250729084015, -0.017767904326319695, -0.4368623197078705, 0.06064362823963165, 0.047483596950769424, -0.47218477725982666, -0.861495316028595, -0.013949763029813766, -0.07867369800806046]}