{
  "numAvatar": 2,
  "numFrames": 1,
  "numBetas": 10,
  "betas": [
    0.0,
    0.0,
    0.0,
    0.0,
    0.0,
    0.0,
    0.0,
    0.0,
    0.0,
    0.0,
    0.0,
    0.0,
    0.0,
    0.0,
    0.0,
    0.0,
    0.0,
    0.0,
    0.0,
    0.0
  ],
  "numTransformAxes": 3,
  "transforms": [
    0.0,
    0.0,
    0.0,
    0.0,
    0.0,
    0.0
  ],
  "poses": [
    0.3059508542321562,
    -2.984340965712167,
    0.17641194380711003,
    -0.6139223575592041,
    0.13983452320098877,
    0.29439228773117065,
    -0.1815796196460724,
    -0.16964951157569885,
    0.171378955245018,
    -0.22655178606510162,
    -0.05276535451412201,
    0.16133208572864532,
    0.897213876247406,
    -0.13309039175510406,
    0.1291073113679886,
    0.3062719404697418,
    0.13144873082637787,
    0.05356574431061745,
    0.08114869892597198,
    -0.0035297577269375324,
    0.05994823947548866,
    0.032667167484760284,
    0.00931191723793745,
    -0.05227295681834221,
    -0.23684200644493103,
    0.0020921779796481133,
    -0.036409806460142136,
    0.0813058391213417,
    -0.004957948345690966,
    0.05955633893609047,
    0.0,
    0.0,
    0.0,
    0.0,
    0.0,
    0.0,
    0.04213995859026909,
    -0.03360362350940704,
    -0.05486491695046425,
    -0.08991316705942154,
    0.22552575170993805,
    0.008154262788593769,
    -0.0037683488335460424,
    -0.08510967344045639,
    0.1328861564397812,
    0.15669132769107819,
    -0.13738512992858887,
    -0.004924050532281399,
    0.4650840163230896,
    -0.9852126836776733,
    -0.24264320731163025,
    -0.4031130373477936,
    -0.2318604290485382,
    0.7504206299781799,
    -3.2389577881986042e-06,
    -1.94962477684021,
    3.2163538321583474e-07,
    -1.7174556887766812e-07,
    1.671698808670044,
    -3.3197355264746875e-07,
    0.41840142011642456,
    -0.7427266240119934,
    0.5036846399307251,
    0.4087633788585663,
    -0.4783223271369934,
    0.24633724987506866,
    0.0,
    0.0,
    0.0,
    0.0,
    0.0,
    0.0,
    0.3059508542321562,
    -2.984340965712167,
    0.17641194380711003,
    -0.6139223575592041,
    0.13983452320098877,
    0.29439228773117065,
    -0.1815796196460724,
    -0.16964951157569885,
    0.171378955245018,
    -0.22655178606510162,
    -0.05276535451412201,
    0.16133208572864532,
    0.897213876247406,
    -0.13309039175510406,
    0.1291073113679886,
    0.3062719404697418,
    0.13144873082637787,
    0.05356574431061745,
    0.08114869892597198,
    -0.0035297577269375324,
    0.05994823947548866,
    0.032667167484760284,
    0.00931191723793745,
    -0.05227295681834221,
    -0.23684200644493103,
    0.0020921779796481133,
    -0.036409806460142136,
    0.0813058391213417,
    -0.004957948345690966,
    0.05955633893609047,
    0.0,
    0.0,
    0.0,
    0.0,
    0.0,
    0.0,
    0.04213995859026909,
    -0.03360362350940704,
    -0.05486491695046425,
    -0.08991316705942154,
    0.22552575170993805,
    0.008154262788593769,
    -0.0037683488335460424,
    -0.08510967344045639,
    0.1328861564397812,
    0.15669132769107819,
    -0.13738512992858887,
    -0.004924050532281399,
    0.4650840163230896,
    -0.9852126836776733,
    -0.24264320731163025,
    -0.4031130373477936,
    -0.2318604290485382,
    0.7504206299781799,
    -3.2389577881986042e-06,
    -1.94962477684021,
    3.2163538321583474e-07,
    -1.7174556887766812e-07,
    1.671698808670044,
    -3.3197355264746875e-07,
    0.41840142011642456,
    -0.7427266240119934,
    0.5036846399307251,
    0.4087633788585663,
    -0.4783223271369934,
    0.24633724987506866,
    0.0,
    0.0,
    0.0,
    0.0,
    0.0,
    0.0
  ],
  "objs": [],
  "gender": [
    "N",
    "N"
  ],
  "numJoints": 24
}