{
  "numAvatar": 2,
  "numFrames": 1,
  "numBetas": 10,
  "betas": [
    0.0,
    0.0,
    0.0,
    0.0,
    0.0,
    0.0,
    0.0,
    0.0,
    0.0,
    0.0,
    0.0,
    0.0,
    0.0,
    0.0,
    0.0,
    0.0,
    0.0,
    0.0,
    0.0,
    0.0
  ],
  "numTransformAxes": 3,
  "transforms": [
    0.0,
    0.0,
    0.0,
    0.0,
    0.0,
    0.0
  ],
  "poses": [
    0.031125125548384154,
    3.1096902799546173,
    -0.1181239446471072,
    -0.20588524639606476,
    0.009635203517973423,
    0.03659183531999588,
    -0.46309369802474976,
    0.052224863320589066,
    -0.060277946293354034,
    -0.16514407098293304,
    0.023810045793652534,
    -0.0746358260512352,
    0.47060462832450867,
    0.08578742295503616,
    0.15102453529834747,
    0.7108897566795349,
    -0.23015066981315613,
    0.08496954292058945,
    0.1465413123369217,
    0.00222119502723217,
    0.031131792813539505,
    -0.3262638449668884,
    0.008701985701918602,
    -0.21798789501190186,
    -0.17359913885593414,
    -0.5184851288795471,
    0.05641260743141174,
    0.14640159904956818,
    0.002942811232060194,
    0.03148510679602623,
    0.0,
    0.0,
    0.0,
    0.0,
    0.0,
    0.0,
    -0.10896026343107224,
    -0.03125086799263954,
    0.011719225905835629,
    0.003964045085012913,
    -0.0514276921749115,
    0.20648130774497986,
    0.030268914997577667,
    0.1604902595281601,
    0.1298922300338745,
    0.03060968965291977,
    -0.13120460510253906,
    -0.04593914374709129,
    0.6093296408653259,
    -1.1131939888000488,
    -0.7858220338821411,
    0.19674043357372284,
    0.6571822762489319,
    0.8529031872749329,
    -2.611864147183951e-07,
    -0.32973331212997437,
    2.288262912486516e-08,
    1.233751021345597e-07,
    0.3568035662174225,
    2.2867492788236632e-08,
    0.010644443333148956,
    -0.06779614835977554,
    0.23947454988956451,
    0.15070660412311554,
    0.033858876675367355,
    -0.2576274573802948,
    0.0,
    0.0,
    0.0,
    0.0,
    0.0,
    0.0,
    0.031125125548384154,
    3.1096902799546173,
    -0.1181239446471072,
    -0.20588524639606476,
    0.009635203517973423,
    0.03659183531999588,
    -0.46309369802474976,
    0.052224863320589066,
    -0.060277946293354034,
    -0.16514407098293304,
    0.023810045793652534,
    -0.0746358260512352,
    0.47060462832450867,
    0.08578742295503616,
    0.15102453529834747,
    0.7108897566795349,
    -0.23015066981315613,
    0.08496954292058945,
    0.1465413123369217,
    0.00222119502723217,
    0.031131792813539505,
    -0.3262638449668884,
    0.008701985701918602,
    -0.21798789501190186,
    -0.17359913885593414,
    -0.5184851288795471,
    0.05641260743141174,
    0.14640159904956818,
    0.002942811232060194,
    0.03148510679602623,
    0.0,
    0.0,
    0.0,
    0.0,
    0.0,
    0.0,
    -0.10896026343107224,
    -0.03125086799263954,
    0.011719225905835629,
    0.003964045085012913,
    -0.0514276921749115,
    0.20648130774497986,
    0.030268914997577667,
    0.1604902595281601,
    0.1298922300338745,
    0.03060968965291977,
    -0.13120460510253906,
    -0.04593914374709129,
    0.6093296408653259,
    -1.1131939888000488,
    -0.7858220338821411,
    0.19674043357372284,
    0.6571822762489319,
    0.8529031872749329,
    -2.611864147183951e-07,
    -0.32973331212997437,
    2.288262912486516e-08,
    1.233751021345597e-07,
    0.3568035662174225,
    2.2867492788236632e-08,
    0.010644443333148956,
    -0.06779614835977554,
    0.23947454988956451,
    0.15070660412311554,
    0.033858876675367355,
    -0.2576274573802948,
    0.0,
    0.0,
    0.0,
    0.0,
    0.0,
    0.0
  ],
  "objs": [],
  "gender": [
    "N",
    "N"
  ],
  "numJoints": 24
}