{
  "numAvatar": 2,
  "numFrames": 1,
  "numBetas": 10,
  "betas": [
    0.0,
    0.0,
    0.0,
    0.0,
    0.0,
    0.0,
    0.0,
    0.0,
    0.0,
    0.0,
    0.0,
    0.0,
    0.0,
    0.0,
    0.0,
    0.0,
    0.0,
    0.0,
    0.0,
    0.0
  ],
  "numTransformAxes": 3,
  "transforms": [
    0.0,
    0.0,
    0.0,
    0.0,
    0.0,
    0.0
  ],
  "poses": [
    -0.12830294937092904,
    2.32402454393551,
    0.10842276250825852,
    -0.4183382987976074,
    0.30864644050598145,
    0.4016973376274109,
    -0.17235232889652252,
    -0.21018189191818237,
    -0.15766659379005432,
    0.16914589703083038,
    0.026405269280076027,
    0.006475834641605616,
    0.708368718624115,
    0.00984172523021698,
    0.004218291491270065,
    0.7365453839302063,
    0.0018336526118218899,
    -0.06813742965459824,
    0.12505841255187988,
    0.026436250656843185,
    -0.007103707175701857,
    -0.12319459766149521,
    0.007906129583716393,
    -0.21777404844760895,
    -0.4092193841934204,
    -0.010444792918860912,
    0.24309022724628448,
    0.125053271651268,
    0.026464903727173805,
    -0.0072189518250525,
    0.0,
    0.0,
    0.0,
    0.0,
    0.0,
    0.0,
    0.2177535742521286,
    0.08414995670318604,
    -0.002640470629557967,
    0.011925678700208664,
    -0.037598345428705215,
    -0.10758471488952637,
    0.10564187169075012,
    0.4458184242248535,
    0.15521320700645447,
    -0.20514121651649475,
    0.46869879961013794,
    -0.06265339255332947,
    -0.8190009593963623,
    -0.5570436120033264,
    -0.6861434578895569,
    -0.5290015339851379,
    1.0674718618392944,
    0.7164746522903442,
    -2.9380908017628826e-06,
    -1.802599310874939,
    5.28748955730407e-07,
    2.148056807982357e-07,
    1.8383606672286987,
    1.859981040297498e-07,
    -0.21126361191272736,
    -0.12749911844730377,
    0.07640081644058228,
    0.2856360375881195,
    0.0406004823744297,
    -0.05878176540136337,
    0.0,
    0.0,
    0.0,
    0.0,
    0.0,
    0.0,
    -0.12830294937092904,
    2.32402454393551,
    0.10842276250825852,
    -0.4183382987976074,
    0.30864644050598145,
    0.4016973376274109,
    -0.17235232889652252,
    -0.21018189191818237,
    -0.15766659379005432,
    0.16914589703083038,
    0.026405269280076027,
    0.006475834641605616,
    0.708368718624115,
    0.00984172523021698,
    0.004218291491270065,
    0.7365453839302063,
    0.0018336526118218899,
    -0.06813742965459824,
    0.12505841255187988,
    0.026436250656843185,
    -0.007103707175701857,
    -0.12319459766149521,
    0.007906129583716393,
    -0.21777404844760895,
    -0.4092193841934204,
    -0.010444792918860912,
    0.24309022724628448,
    0.125053271651268,
    0.026464903727173805,
    -0.0072189518250525,
    0.0,
    0.0,
    0.0,
    0.0,
    0.0,
    0.0,
    0.2177535742521286,
    0.08414995670318604,
    -0.002640470629557967,
    0.011925678700208664,
    -0.037598345428705215,
    -0.10758471488952637,
    0.10564187169075012,
    0.4458184242248535,
    0.15521320700645447,
    -0.20514121651649475,
    0.46869879961013794,
    -0.06265339255332947,
    -0.8190009593963623,
    -0.5570436120033264,
    -0.6861434578895569,
    -0.5290015339851379,
    1.0674718618392944,
    0.7164746522903442,
    -2.9380908017628826e-06,
    -1.802599310874939,
    5.28748955730407e-07,
    2.148056807982357e-07,
    1.8383606672286987,
    1.859981040297498e-07,
    -0.21126361191272736,
    -0.12749911844730377,
    0.07640081644058228,
    0.2856360375881195,
    0.0406004823744297,
    -0.05878176540136337,
    0.0,
    0.0,
    0.0,
    0.0,
    0.0,
    0.0
  ],
  "objs": [],
  "gender": [
    "N",
    "N"
  ],
  "numJoints": 24
}