{
  "numAvatar": 2,
  "numFrames": 1,
  "numBetas": 10,
  "betas": [
    0.0,
    0.0,
    0.0,
    0.0,
    0.0,
    0.0,
    0.0,
    0.0,
    0.0,
    0.0,
    0.0,
    0.0,
    0.0,
    0.0,
    0.0,
    0.0,
    0.0,
    0.0,
    0.0,
    0.0
  ],
  "numTransformAxes": 3,
  "transforms": [
    0.0,
    0.0,
    0.0,
    0.0,
    0.0,
    0.0
  ],
  "poses": [
    -0.059845026908139566,
    -2.7743746860691747,
    -0.07435908943231254,
    -0.48788461089134216,
    -0.4191357493400574,
    0.16092105209827423,
    -0.46723368763923645,
    -0.06679093092679977,
    -0.11191993951797485,
    0.29914647340774536,
    0.03895863890647888,
    -0.06860190629959106,
    2.3091819286346436,
    -0.0021633028518408537,
    -0.14942815899848938,
    0.8615481853485107,
    -0.047838758677244186,
    0.14414313435554504,
    0.04038535803556442,
    0.014896335080265999,
    0.006572982762008905,
    0.2989500164985657,
    -0.013664071448147297,
    0.07327459752559662,
    -0.2965933382511139,
    -0.2997198700904846,
    -0.025441937148571014,
    0.0397912822663784,
    0.011002817191183567,
    0.006705665960907936,
    0.0,
    0.0,
    0.0,
    0.0,
    0.0,
    0.0,
    -0.07182824611663818,
    -0.03064822591841221,
    0.04513430967926979,
    0.03838961943984032,
    -0.28716230392456055,
    -0.24882803857326508,
    0.0331726036965847,
    0.2753346562385559,
    0.1542084962129593,
    -0.3374214470386505,
    -0.2855340540409088,
    0.2773345708847046,
    -0.11896347999572754,
    -0.307647168636322,
    -0.8529706597328186,
    0.08471491932868958,
    0.9473703503608704,
    1.0137821435928345,
    -1.2315553021835512e-06,
    -1.2165783643722534,
    -3.6840040706920263e-07,
    4.3893287227092515e-08,
    1.0553950071334839,
    7.23289090842627e-08,
    0.060957081615924835,
    -0.4593503773212433,
    0.1628989279270172,
    -0.11425400525331497,
    0.47930908203125,
    -0.3208906352519989,
    0.0,
    0.0,
    0.0,
    0.0,
    0.0,
    0.0,
    -0.059845026908139566,
    -2.7743746860691747,
    -0.07435908943231254,
    -0.48788461089134216,
    -0.4191357493400574,
    0.16092105209827423,
    -0.46723368763923645,
    -0.06679093092679977,
    -0.11191993951797485,
    0.29914647340774536,
    0.03895863890647888,
    -0.06860190629959106,
    2.3091819286346436,
    -0.0021633028518408537,
    -0.14942815899848938,
    0.8615481853485107,
    -0.047838758677244186,
    0.14414313435554504,
    0.04038535803556442,
    0.014896335080265999,
    0.006572982762008905,
    0.2989500164985657,
    -0.013664071448147297,
    0.07327459752559662,
    -0.2965933382511139,
    -0.2997198700904846,
    -0.025441937148571014,
    0.0397912822663784,
    0.011002817191183567,
    0.006705665960907936,
    0.0,
    0.0,
    0.0,
    0.0,
    0.0,
    0.0,
    -0.07182824611663818,
    -0.03064822591841221,
    0.04513430967926979,
    0.03838961943984032,
    -0.28716230392456055,
    -0.24882803857326508,
    0.0331726036965847,
    0.2753346562385559,
    0.1542084962129593,
    -0.3374214470386505,
    -0.2855340540409088,
    0.2773345708847046,
    -0.11896347999572754,
    -0.307647168636322,
    -0.8529706597328186,
    0.08471491932868958,
    0.9473703503608704,
    1.0137821435928345,
    -1.2315553021835512e-06,
    -1.2165783643722534,
    -3.6840040706920263e-07,
    4.3893287227092515e-08,
    1.0553950071334839,
    7.23289090842627e-08,
    0.060957081615924835,
    -0.4593503773212433,
    0.1628989279270172,
    -0.11425400525331497,
    0.47930908203125,
    -0.3208906352519989,
    0.0,
    0.0,
    0.0,
    0.0,
    0.0,
    0.0
  ],
  "objs": [],
  "gender": [
    "N",
    "N"
  ],
  "numJoints": 24
}