{
  "numAvatar": 2,
  "numFrames": 1,
  "numBetas": 10,
  "betas": [
    0.0,
    0.0,
    0.0,
    0.0,
    0.0,
    0.0,
    0.0,
    0.0,
    0.0,
    0.0,
    0.0,
    0.0,
    0.0,
    0.0,
    0.0,
    0.0,
    0.0,
    0.0,
    0.0,
    0.0
  ],
  "numTransformAxes": 3,
  "transforms": [
    0.0,
    0.0,
    0.0,
    0.0,
    0.0,
    0.0
  ],
  "poses": [
    0.003972347890184279,
    3.114152819670197,
    -0.12348121432192904,
    -0.22409601509571075,
    0.21247810125350952,
    0.11746501922607422,
    -0.26169702410697937,
    -0.14135582745075226,
    -0.1160525381565094,
    -0.013939726166427135,
    -0.006102586630731821,
    -0.000671896617859602,
    0.24093185365200043,
    0.03754580020904541,
    0.055539537221193314,
    0.2763652503490448,
    -0.07015377283096313,
    -0.03931836783885956,
    0.028948890045285225,
    -0.006024940870702267,
    0.006265581585466862,
    -0.07861391454935074,
    0.004953570663928986,
    -0.164955273270607,
    -0.07936719805002213,
    0.0009072197717614472,
    0.14745698869228363,
    0.028948279097676277,
    -0.0060811396688222885,
    0.006244714837521315,
    0.0,
    0.0,
    0.0,
    0.0,
    0.0,
    0.0,
    -0.3343791961669922,
    -0.012826094403862953,
    0.07004562020301819,
    0.04022125527262688,
    0.2937219440937042,
    0.4070431590080261,
    0.017850002273917198,
    -0.17478762567043304,
    -0.42454203963279724,
    0.2978894114494324,
    0.05563810095191002,
    -0.11609162390232086,
    -0.7875090837478638,
    -1.7017415761947632,
    0.4581388831138611,
    -0.8073853254318237,
    1.60248601436615,
    -0.3593427240848541,
    0.0,
    0.0,
    0.0,
    0.0,
    0.0,
    0.0,
    -0.4023798108100891,
    0.03219989314675331,
    -0.11929994821548462,
    -0.5249231457710266,
    0.14533169567584991,
    0.33718588948249817,
    0.0,
    0.0,
    0.0,
    0.0,
    0.0,
    0.0,
    0.003972347890184279,
    3.114152819670197,
    -0.12348121432192904,
    -0.22409601509571075,
    0.21247810125350952,
    0.11746501922607422,
    -0.26169702410697937,
    -0.14135582745075226,
    -0.1160525381565094,
    -0.013939726166427135,
    -0.006102586630731821,
    -0.000671896617859602,
    0.24093185365200043,
    0.03754580020904541,
    0.055539537221193314,
    0.2763652503490448,
    -0.07015377283096313,
    -0.03931836783885956,
    0.028948890045285225,
    -0.006024940870702267,
    0.006265581585466862,
    -0.07861391454935074,
    0.004953570663928986,
    -0.164955273270607,
    -0.07936719805002213,
    0.0009072197717614472,
    0.14745698869228363,
    0.028948279097676277,
    -0.0060811396688222885,
    0.006244714837521315,
    0.0,
    0.0,
    0.0,
    0.0,
    0.0,
    0.0,
    -0.3343791961669922,
    -0.012826094403862953,
    0.07004562020301819,
    0.04022125527262688,
    0.2937219440937042,
    0.4070431590080261,
    0.017850002273917198,
    -0.17478762567043304,
    -0.42454203963279724,
    0.2978894114494324,
    0.05563810095191002,
    -0.11609162390232086,
    -0.7875090837478638,
    -1.7017415761947632,
    0.4581388831138611,
    -0.8073853254318237,
    1.60248601436615,
    -0.3593427240848541,
    0.0,
    0.0,
    0.0,
    0.0,
    0.0,
    0.0,
    -0.4023798108100891,
    0.03219989314675331,
    -0.11929994821548462,
    -0.5249231457710266,
    0.14533169567584991,
    0.33718588948249817,
    0.0,
    0.0,
    0.0,
    0.0,
    0.0,
    0.0
  ],
  "objs": [],
  "gender": [
    "N",
    "N"
  ],
  "numJoints": 24
}